,co_fips,co_name,state,inflow2011_12,outflow2011_12,cbsa_name,net_flow2011_12,in_ratio2011_12,inflow2012_13,outflow2012_13,net_flow2012_13,in_ratio2012_13,inflow2013_14,outflow2013_14,net_flow2013_14,in_ratio2013_14,inflow2014_15,outflow2014_15,net_flow2014_15,in_ratio2014_15
0,36059,Nassau County,NY,13995.0,22803.0,"New York-Newark-Jersey City, NY-NJ-PA",-8808.0,0.613735034864,14458.0,24494.0,-10036.0,0.590267004164,13877.0,25204.0,-11327.0,0.55058720838,11900.0,20316.0,-8416.0,0.585745225438
1,59000,Other flows - Different State,DS,13850.0,16808.0,,-2958.0,0.824012375059,14062.0,17381.0,-3319.0,0.809044358783,21728.0,25405.0,-3677.0,0.855264711671,19743.0,23807.0,-4064.0,0.829293905154
2,36119,Westchester County,NY,11588.0,16967.0,"New York-Newark-Jersey City, NY-NJ-PA",-5379.0,0.68297282961,10806.0,18414.0,-7608.0,0.586836102965,10438.0,17173.0,-6735.0,0.607814592675,9048.0,13986.0,-4938.0,0.646932646933
3,36103,Suffolk County,NY,8838.0,9785.0,"New York-Newark-Jersey City, NY-NJ-PA",-947.0,0.903219213081,7493.0,9636.0,-2143.0,0.777604815276,7056.0,9271.0,-2215.0,0.761082946823,5837.0,8171.0,-2334.0,0.714355648023
4,34017,Hudson County,NJ,6308.0,8761.0,"New York-Newark-Jersey City, NY-NJ-PA",-2453.0,0.720009131378,6270.0,9141.0,-2871.0,0.685920577617,5729.0,8818.0,-3089.0,0.64969380812,4709.0,7273.0,-2564.0,0.647463220129
5,34003,Bergen County,NJ,5393.0,7687.0,"New York-Newark-Jersey City, NY-NJ-PA",-2294.0,0.701574086119,4436.0,7977.0,-3541.0,0.556098784004,4315.0,7124.0,-2809.0,0.60569904548,3860.0,5816.0,-1956.0,0.663686382393
6,06037,Los Angeles County,CA,4297.0,5821.0,"Los Angeles-Long Beach-Anaheim, CA",-1524.0,0.738189314551,4265.0,7374.0,-3109.0,0.578383509628,4231.0,6395.0,-2164.0,0.661610633307,3465.0,5365.0,-1900.0,0.645852749301
7,12086,Miami-Dade County,FL,3755.0,4381.0,"Miami-Fort Lauderdale-West Palm Beach, FL",-626.0,0.857110248802,3862.0,3771.0,91.0,1.0241315301,2571.0,3483.0,-912.0,0.738156761413,2062.0,3033.0,-971.0,0.679854929113
8,34013,Essex County,NJ,3536.0,5180.0,"New York-Newark-Jersey City, NY-NJ-PA",-1644.0,0.682625482625,3114.0,5536.0,-2422.0,0.5625,2996.0,5819.0,-2823.0,0.514865097096,2861.0,4791.0,-1930.0,0.597161344187
9,09001,Fairfield County,CT,3412.0,5422.0,"Bridgeport-Stamford-Norwalk, CT",-2010.0,0.629288085577,3473.0,5834.0,-2361.0,0.595303393898,3546.0,5566.0,-2020.0,0.637082285304,2966.0,4283.0,-1317.0,0.692505253327
10,34023,Middlesex County,NJ,3297.0,4411.0,"New York-Newark-Jersey City, NY-NJ-PA",-1114.0,0.747449557923,2435.0,4257.0,-1822.0,0.571999060371,2413.0,4229.0,-1816.0,0.570584062426,2080.0,3086.0,-1006.0,0.674011665587
11,57003,Foreign - Puerto Rico,FR,3277.0,3630.0,,-353.0,0.902754820937,2189.0,1235.0,954.0,1.77246963563,422.0,810.0,-388.0,0.520987654321,298.0,557.0,-259.0,0.535008976661
12,42101,Philadelphia County,PA,2937.0,3813.0,"Philadelphia-Camden-Wilmington, PA-NJ-DE-MD",-876.0,0.77025963808,2747.0,3289.0,-542.0,0.835208269991,2441.0,3071.0,-630.0,0.79485509606,1954.0,2748.0,-794.0,0.711062590975
13,57001,Foreign - Overseas,FR,2726.0,7343.0,,-4617.0,0.371237913659,2926.0,6375.0,-3449.0,0.458980392157,2860.0,6155.0,-3295.0,0.464662875711,2872.0,6666.0,-3794.0,0.430843084308
14,17031,Cook County,IL,2704.0,2937.0,"Chicago-Naperville-Elgin, IL-IN-WI",-233.0,0.920667347634,2734.0,3071.0,-337.0,0.890263757734,2454.0,2558.0,-104.0,0.959343236904,1987.0,1940.0,47.0,1.02422680412
15,12011,Broward County,FL,2667.0,3941.0,"Miami-Fort Lauderdale-West Palm Beach, FL",-1274.0,0.676731793961,2852.0,3627.0,-775.0,0.786324786325,2222.0,3525.0,-1303.0,0.630354609929,1833.0,2938.0,-1105.0,0.62389380531
16,12095,Orange County,FL,1917.0,2768.0,"Orlando-Kissimmee-Sanford, FL",-851.0,0.692557803468,1658.0,2846.0,-1188.0,0.582572030921,1482.0,2770.0,-1288.0,0.535018050542,1109.0,2153.0,-1044.0,0.515095215978
17,11001,District of Columbia,DC,1902.0,1534.0,"Washington-Arlington-Alexandria, DC-VA-MD-WV",368.0,1.23989569752,1954.0,1500.0,454.0,1.30266666667,1771.0,1543.0,228.0,1.14776409592,1382.0,1139.0,243.0,1.21334503951
18,12099,Palm Beach County,FL,1832.0,2682.0,"Miami-Fort Lauderdale-West Palm Beach, FL",-850.0,0.683072334079,1721.0,2661.0,-940.0,0.646749342352,1471.0,2649.0,-1178.0,0.55530388826,1116.0,2376.0,-1260.0,0.469696969697
19,25017,Middlesex County,MA,1824.0,1723.0,"Boston-Cambridge-Newton, MA-NH",101.0,1.05861868833,1877.0,1826.0,51.0,1.02792990142,1716.0,1595.0,121.0,1.07586206897,1381.0,1219.0,162.0,1.13289581624
20,36087,Rockland County,NY,1738.0,2608.0,"New York-Newark-Jersey City, NY-NJ-PA",-870.0,0.666411042945,1662.0,2795.0,-1133.0,0.594633273703,1580.0,2762.0,-1182.0,0.572049239681,1383.0,2443.0,-1060.0,0.56610724519
21,36071,Orange County,NY,1707.0,2849.0,"New York-Newark-Jersey City, NY-NJ-PA",-1142.0,0.599157599158,1686.0,3267.0,-1581.0,0.516069788797,1572.0,3255.0,-1683.0,0.482949308756,1402.0,2836.0,-1434.0,0.494358251058
22,09009,New Haven County,CT,1697.0,2268.0,"New Haven-Milford, CT",-571.0,0.74823633157,1517.0,2027.0,-510.0,0.748396645289,1349.0,1950.0,-601.0,0.691794871795,1211.0,1699.0,-488.0,0.712772218952
23,34025,Monmouth County,NJ,1696.0,2691.0,"New York-Newark-Jersey City, NY-NJ-PA",-995.0,0.630248978075,1809.0,3036.0,-1227.0,0.595849802372,1706.0,2833.0,-1127.0,0.602188492764,1516.0,2029.0,-513.0,0.747166091671
24,25025,Suffolk County,MA,1668.0,1447.0,"Boston-Cambridge-Newton, MA-NH",221.0,1.15272978576,1756.0,1482.0,274.0,1.18488529015,1636.0,1416.0,220.0,1.15536723164,1126.0,1237.0,-111.0,0.910266774454
25,34039,Union County,NJ,1634.0,2849.0,"New York-Newark-Jersey City, NY-NJ-PA",-1215.0,0.573534573535,1645.0,2857.0,-1212.0,0.575778788939,1481.0,2729.0,-1248.0,0.542689629901,1355.0,2282.0,-927.0,0.593777388256
26,34031,Passaic County,NJ,1609.0,2000.0,"New York-Newark-Jersey City, NY-NJ-PA",-391.0,0.8045,1268.0,1844.0,-576.0,0.687635574837,1174.0,1860.0,-686.0,0.631182795699,1053.0,1608.0,-555.0,0.654850746269
27,06075,San Francisco County,CA,1592.0,2165.0,"San Francisco-Oakland-Hayward, CA",-573.0,0.735334872979,1658.0,2175.0,-517.0,0.762298850575,1663.0,2548.0,-885.0,0.652668759812,1334.0,1829.0,-495.0,0.729360306178
28,12057,Hillsborough County,FL,1372.0,1765.0,"Tampa-St. Petersburg-Clearwater, FL",-393.0,0.777337110482,1114.0,1539.0,-425.0,0.723846653671,816.0,1545.0,-729.0,0.528155339806,750.0,1409.0,-659.0,0.532292405962
29,42077,Lehigh County,PA,1346.0,1848.0,"Allentown-Bethlehem-Easton, PA-NJ",-502.0,0.728354978355,1068.0,1466.0,-398.0,0.728512960437,656.0,1306.0,-650.0,0.502297090352,592.0,1244.0,-652.0,0.475884244373
30,48201,Harris County,TX,1207.0,1897.0,"Houston-The Woodlands-Sugar Land, TX",-690.0,0.636267791249,1187.0,2341.0,-1154.0,0.50704826997,1040.0,2288.0,-1248.0,0.454545454545,917.0,1920.0,-1003.0,0.477604166667
31,13121,Fulton County,GA,1169.0,1257.0,"Atlanta-Sandy Springs-Roswell, GA",-88.0,0.929992044551,1099.0,1410.0,-311.0,0.779432624113,1000.0,1306.0,-306.0,0.765696784074,755.0,982.0,-227.0,0.76883910387
32,09003,Hartford County,CT,1107.0,1294.0,"Hartford-West Hartford-East Hartford, CT",-187.0,0.855486862442,975.0,1256.0,-281.0,0.77627388535,910.0,1208.0,-298.0,0.753311258278,780.0,980.0,-200.0,0.795918367347
33,24031,Montgomery County,MD,1092.0,1211.0,"Washington-Arlington-Alexandria, DC-VA-MD-WV",-119.0,0.901734104046,1019.0,1318.0,-299.0,0.773141122914,949.0,1370.0,-421.0,0.692700729927,924.0,1027.0,-103.0,0.89970788705
34,06073,San Diego County,CA,1073.0,1193.0,"San Diego-Carlsbad, CA",-120.0,0.899413243923,1028.0,1232.0,-204.0,0.834415584416,932.0,1223.0,-291.0,0.76206050695,715.0,993.0,-278.0,0.720040281974
35,36027,Dutchess County,NY,1038.0,1533.0,"New York-Newark-Jersey City, NY-NJ-PA",-495.0,0.6771037182,951.0,1751.0,-800.0,0.543118218161,923.0,1603.0,-680.0,0.575795383656,840.0,1347.0,-507.0,0.623608017817
36,37119,Mecklenburg County,NC,999.0,1621.0,"Charlotte-Concord-Gastonia, NC-SC",-622.0,0.61628624306,906.0,1520.0,-614.0,0.596052631579,827.0,1631.0,-804.0,0.507050889025,710.0,1269.0,-559.0,0.559495665879
37,42089,Monroe County,PA,959.0,1425.0,"East Stroudsburg, PA",-466.0,0.67298245614,875.0,1488.0,-613.0,0.588037634409,898.0,1741.0,-843.0,0.515795519816,727.0,1466.0,-739.0,0.495907230559
38,53033,King County,WA,941.0,1227.0,"Seattle-Tacoma-Bellevue, WA",-286.0,0.766911165444,1018.0,1343.0,-325.0,0.75800446761,995.0,1366.0,-371.0,0.728404099561,763.0,1018.0,-255.0,0.749508840864
39,34027,Morris County,NJ,928.0,1093.0,"New York-Newark-Jersey City, NY-NJ-PA",-165.0,0.849039341263,924.0,1261.0,-337.0,0.732751784298,929.0,1249.0,-320.0,0.743795036029,920.0,883.0,37.0,1.04190260476
40,44007,Providence County,RI,874.0,924.0,"Providence-Warwick, RI-MA",-50.0,0.945887445887,684.0,934.0,-250.0,0.732334047109,610.0,843.0,-233.0,0.723606168446,507.0,735.0,-228.0,0.689795918367
41,13089,DeKalb County,GA,852.0,931.0,"Atlanta-Sandy Springs-Roswell, GA",-79.0,0.915145005371,786.0,994.0,-208.0,0.790744466801,659.0,1016.0,-357.0,0.648622047244,460.0,810.0,-350.0,0.567901234568
42,48113,Dallas County,TX,843.0,1278.0,"Dallas-Fort Worth-Arlington, TX",-435.0,0.659624413146,861.0,1164.0,-303.0,0.739690721649,719.0,1071.0,-352.0,0.671335200747,532.0,812.0,-280.0,0.655172413793
43,06059,Orange County,CA,835.0,756.0,"Los Angeles-Long Beach-Anaheim, CA",79.0,1.1044973545,811.0,944.0,-133.0,0.859110169492,691.0,848.0,-157.0,0.814858490566,631.0,631.0,0.0,1.0
44,04013,Maricopa County,AZ,830.0,1006.0,"Phoenix-Mesa-Scottsdale, AZ",-176.0,0.825049701789,805.0,1034.0,-229.0,0.778529980658,789.0,997.0,-208.0,0.791374122367,524.0,900.0,-376.0,0.582222222222
45,34021,Mercer County,NJ,815.0,968.0,"Trenton, NJ",-153.0,0.84194214876,797.0,863.0,-66.0,0.923522595597,813.0,885.0,-72.0,0.918644067797,698.0,710.0,-12.0,0.983098591549
46,13135,Gwinnett County,GA,800.0,1186.0,"Atlanta-Sandy Springs-Roswell, GA",-386.0,0.674536256324,783.0,1170.0,-387.0,0.669230769231,607.0,1164.0,-557.0,0.52147766323,372.0,1020.0,-648.0,0.364705882353
47,58000,Other flows - Same State,SS,785.0,895.0,,-110.0,0.877094972067,746.0,906.0,-160.0,0.823399558499,1345.0,1577.0,-232.0,0.852885225111,1303.0,1310.0,-7.0,0.99465648855
48,51059,Fairfax County,VA,772.0,811.0,"Washington-Arlington-Alexandria, DC-VA-MD-WV",-39.0,0.951911220715,811.0,919.0,-108.0,0.882480957563,844.0,891.0,-47.0,0.947250280584,716.0,684.0,32.0,1.04678362573
49,34029,Ocean County,NJ,769.0,1450.0,"New York-Newark-Jersey City, NY-NJ-PA",-681.0,0.530344827586,739.0,1514.0,-775.0,0.488110964333,626.0,1362.0,-736.0,0.459618208517,580.0,1163.0,-583.0,0.498710232158
50,36001,Albany County,NY,731.0,957.0,"Albany-Schenectady-Troy, NY",-226.0,0.763845350052,711.0,1069.0,-358.0,0.665107577175,629.0,909.0,-280.0,0.69196919692,608.0,826.0,-218.0,0.73607748184
51,06001,Alameda County,CA,715.0,960.0,"San Francisco-Oakland-Hayward, CA",-245.0,0.744791666667,687.0,1089.0,-402.0,0.63085399449,699.0,1142.0,-443.0,0.612084063047,547.0,878.0,-331.0,0.623006833713
52,24510,Baltimore city,MD,695.0,710.0,"Baltimore-Columbia-Towson, MD",-15.0,0.978873239437,584.0,766.0,-182.0,0.762402088773,624.0,1032.0,-408.0,0.604651162791,711.0,582.0,129.0,1.22164948454
53,10003,New Castle County,DE,673.0,723.0,"Philadelphia-Camden-Wilmington, PA-NJ-DE-MD",-50.0,0.930843706777,442.0,693.0,-251.0,0.637806637807,427.0,587.0,-160.0,0.727427597956,360.0,601.0,-241.0,0.599001663894
54,34035,Somerset County,NJ,671.0,837.0,"New York-Newark-Jersey City, NY-NJ-PA",-166.0,0.801672640382,677.0,898.0,-221.0,0.753897550111,710.0,721.0,-11.0,0.984743411928,683.0,634.0,49.0,1.07728706625
55,25009,Essex County,MA,662.0,868.0,"Boston-Cambridge-Newton, MA-NH",-206.0,0.76267281106,603.0,769.0,-166.0,0.784135240572,446.0,679.0,-233.0,0.656848306333,465.0,585.0,-120.0,0.794871794872
56,36111,Ulster County,NY,656.0,831.0,"Kingston, NY",-175.0,0.789410348977,556.0,826.0,-270.0,0.673123486683,501.0,833.0,-332.0,0.60144057623,413.0,749.0,-336.0,0.551401869159
57,25021,Norfolk County,MA,651.0,725.0,"Boston-Cambridge-Newton, MA-NH",-74.0,0.897931034483,700.0,772.0,-72.0,0.906735751295,540.0,609.0,-69.0,0.886699507389,518.0,640.0,-122.0,0.809375
58,06085,Santa Clara County,CA,643.0,860.0,"San Jose-Sunnyvale-Santa Clara, CA",-217.0,0.747674418605,676.0,897.0,-221.0,0.753623188406,640.0,1018.0,-378.0,0.628683693517,940.0,696.0,244.0,1.35057471264
59,36029,Erie County,NY,630.0,937.0,"Buffalo-Cheektowaga-Niagara Falls, NY",-307.0,0.672358591249,682.0,1019.0,-337.0,0.669283611384,648.0,991.0,-343.0,0.653884964682,569.0,827.0,-258.0,0.688029020556
60,32003,Clark County,NV,624.0,1007.0,"Las Vegas-Henderson-Paradise, NV",-383.0,0.619662363456,645.0,967.0,-322.0,0.667011375388,499.0,851.0,-352.0,0.586368977673,364.0,767.0,-403.0,0.474576271186
61,39049,Franklin County,OH,624.0,652.0,"Columbus, OH",-28.0,0.957055214724,589.0,798.0,-209.0,0.738095238095,512.0,737.0,-225.0,0.694708276798,428.0,631.0,-203.0,0.678288431062
62,36055,Monroe County,NY,608.0,741.0,"Rochester, NY",-133.0,0.820512820513,524.0,762.0,-238.0,0.687664041995,580.0,633.0,-53.0,0.916271721959,459.0,474.0,-15.0,0.96835443038
63,57005,Foreign - APO/FPO ZIPs,FR,601.0,586.0,,15.0,1.02559726962,576.0,493.0,83.0,1.16835699797,511.0,453.0,58.0,1.12803532009,422.0,398.0,24.0,1.06030150754
64,12097,Osceola County,FL,601.0,1183.0,"Orlando-Kissimmee-Sanford, FL",-582.0,0.508030431107,638.0,1242.0,-604.0,0.513687600644,503.0,1232.0,-729.0,0.408279220779,417.0,1027.0,-610.0,0.406037000974
65,37183,Wake County,NC,594.0,1127.0,"Raleigh, NC",-533.0,0.527062999113,602.0,1055.0,-453.0,0.570616113744,553.0,1077.0,-524.0,0.513463324048,495.0,791.0,-296.0,0.625790139064
66,42091,Montgomery County,PA,588.0,631.0,"Philadelphia-Camden-Wilmington, PA-NJ-DE-MD",-43.0,0.931854199683,530.0,627.0,-97.0,0.845295055821,589.0,665.0,-76.0,0.885714285714,487.0,407.0,80.0,1.19656019656
67,42003,Allegheny County,PA,552.0,672.0,"Pittsburgh, PA",-120.0,0.821428571429,558.0,723.0,-165.0,0.771784232365,488.0,579.0,-91.0,0.842832469775,456.0,431.0,25.0,1.05800464037
68,42079,Luzerne County,PA,545.0,1229.0,"Scranton--Wilkes-Barre--Hazleton, PA",-684.0,0.443449959317,590.0,1067.0,-477.0,0.552952202437,465.0,967.0,-502.0,0.480868665977,391.0,883.0,-492.0,0.442808607022
69,34007,Camden County,NJ,544.0,733.0,"Philadelphia-Camden-Wilmington, PA-NJ-DE-MD",-189.0,0.742155525239,498.0,597.0,-99.0,0.834170854271,403.0,436.0,-33.0,0.924311926606,379.0,461.0,-82.0,0.822125813449
70,42011,Berks County,PA,522.0,850.0,"Reading, PA",-328.0,0.614117647059,492.0,931.0,-439.0,0.528464017186,411.0,751.0,-340.0,0.547270306258,398.0,657.0,-259.0,0.605783866058
71,27053,Hennepin County,MN,518.0,566.0,"Minneapolis-St. Paul-Bloomington, MN-WI",-48.0,0.91519434629,516.0,458.0,58.0,1.12663755459,455.0,490.0,-35.0,0.928571428571,352.0,368.0,-16.0,0.95652173913
72,24033,Prince George's County,MD,516.0,678.0,"Washington-Arlington-Alexandria, DC-VA-MD-WV",-162.0,0.761061946903,540.0,716.0,-176.0,0.754189944134,546.0,974.0,-428.0,0.560574948665,728.0,770.0,-42.0,0.945454545455
73,48453,Travis County,TX,510.0,1702.0,"Austin-Round Rock, TX",-1192.0,0.299647473561,972.0,4452.0,-3480.0,0.21832884097,1560.0,4267.0,-2707.0,0.365596437778,3067.0,3308.0,-241.0,0.927146311971
74,12103,Pinellas County,FL,502.0,669.0,"Tampa-St. Petersburg-Clearwater, FL",-167.0,0.750373692078,401.0,692.0,-291.0,0.579479768786,340.0,656.0,-316.0,0.518292682927,256.0,587.0,-331.0,0.436115843271
75,24005,Baltimore County,MD,494.0,768.0,"Baltimore-Columbia-Towson, MD",-274.0,0.643229166667,503.0,676.0,-173.0,0.744082840237,474.0,887.0,-413.0,0.534385569335,526.0,637.0,-111.0,0.825745682889
76,13067,Cobb County,GA,480.0,553.0,"Atlanta-Sandy Springs-Roswell, GA",-73.0,0.867992766727,433.0,650.0,-217.0,0.666153846154,310.0,708.0,-398.0,0.437853107345,262.0,467.0,-205.0,0.561027837259
77,36079,Putnam County,NY,474.0,823.0,"New York-Newark-Jersey City, NY-NJ-PA",-349.0,0.575941676792,391.0,933.0,-542.0,0.419078242229,499.0,849.0,-350.0,0.587750294464,370.0,705.0,-335.0,0.524822695035
78,36067,Onondaga County,NY,473.0,496.0,"Syracuse, NY",-23.0,0.953629032258,430.0,517.0,-87.0,0.831721470019,432.0,466.0,-34.0,0.927038626609,408.0,431.0,-23.0,0.946635730858
79,12031,Duval County,FL,465.0,493.0,"Jacksonville, FL",-28.0,0.943204868154,413.0,563.0,-150.0,0.733570159858,311.0,539.0,-228.0,0.576994434137,281.0,486.0,-205.0,0.578189300412
80,12071,Lee County,FL,456.0,584.0,"Cape Coral-Fort Myers, FL",-128.0,0.780821917808,312.0,663.0,-351.0,0.470588235294,234.0,638.0,-404.0,0.366771159875,220.0,514.0,-294.0,0.428015564202
81,34005,Burlington County,NJ,453.0,556.0,"Philadelphia-Camden-Wilmington, PA-NJ-DE-MD",-103.0,0.814748201439,407.0,504.0,-97.0,0.80753968254,345.0,439.0,-94.0,0.785876993166,353.0,356.0,-3.0,0.991573033708
82,36105,Sullivan County,NY,453.0,635.0,,-182.0,0.713385826772,419.0,802.0,-383.0,0.522443890274,522.0,541.0,-19.0,0.964879852126,334.0,474.0,-140.0,0.704641350211
83,39035,Cuyahoga County,OH,447.0,604.0,"Cleveland-Elyria, OH",-157.0,0.740066225166,462.0,547.0,-85.0,0.844606946984,364.0,524.0,-160.0,0.69465648855,338.0,426.0,-88.0,0.793427230047
84,12021,Collier County,FL,445.0,321.0,"Naples-Immokalee-Marco Island, FL",124.0,1.38629283489,202.0,381.0,-179.0,0.530183727034,65.0,296.0,-231.0,0.219594594595,97.0,214.0,-117.0,0.453271028037
85,09011,New London County,CT,407.0,417.0,"Norwich-New London, CT",-10.0,0.976019184652,412.0,385.0,27.0,1.07012987013,308.0,366.0,-58.0,0.841530054645,319.0,342.0,-23.0,0.932748538012
86,26163,Wayne County,MI,406.0,785.0,"Detroit-Warren-Dearborn, MI",-379.0,0.517197452229,457.0,509.0,-52.0,0.897838899804,273.0,492.0,-219.0,0.55487804878,368.0,461.0,-93.0,0.798264642082
87,51013,Arlington County,VA,393.0,422.0,"Washington-Arlington-Alexandria, DC-VA-MD-WV",-29.0,0.931279620853,476.0,384.0,92.0,1.23958333333,462.0,357.0,105.0,1.29411764706,318.0,299.0,19.0,1.0635451505
88,26125,Oakland County,MI,389.0,350.0,"Detroit-Warren-Dearborn, MI",39.0,1.11142857143,370.0,443.0,-73.0,0.835214446953,353.0,307.0,46.0,1.14983713355,278.0,258.0,20.0,1.07751937984
89,42017,Bucks County,PA,388.0,548.0,"Philadelphia-Camden-Wilmington, PA-NJ-DE-MD",-160.0,0.70802919708,392.0,477.0,-85.0,0.82180293501,359.0,457.0,-98.0,0.785557986871,340.0,339.0,1.0,1.00294985251
90,41051,Multnomah County,OR,386.0,450.0,"Portland-Vancouver-Hillsboro, OR-WA",-64.0,0.857777777778,329.0,548.0,-219.0,0.600364963504,307.0,562.0,-255.0,0.546263345196,248.0,431.0,-183.0,0.575406032483
91,42095,Northampton County,PA,385.0,666.0,"Allentown-Bethlehem-Easton, PA-NJ",-281.0,0.578078078078,357.0,736.0,-379.0,0.485054347826,229.0,751.0,-522.0,0.304926764314,267.0,539.0,-272.0,0.495361781076
92,12105,Polk County,FL,385.0,572.0,"Lakeland-Winter Haven, FL",-187.0,0.673076923077,347.0,520.0,-173.0,0.667307692308,197.0,623.0,-426.0,0.31621187801,229.0,491.0,-262.0,0.466395112016
93,34001,Atlantic County,NJ,380.0,507.0,"Atlantic City-Hammonton, NJ",-127.0,0.749506903353,299.0,380.0,-81.0,0.786842105263,375.0,289.0,86.0,1.29757785467,332.0,215.0,117.0,1.54418604651
94,15003,Honolulu County,HI,365.0,397.0,"Urban Honolulu, HI",-32.0,0.919395465995,330.0,408.0,-78.0,0.808823529412,247.0,380.0,-133.0,0.65,263.0,314.0,-51.0,0.837579617834
95,25027,Worcester County,MA,364.0,485.0,"Worcester, MA-CT",-121.0,0.750515463918,393.0,500.0,-107.0,0.786,349.0,455.0,-106.0,0.767032967033,338.0,405.0,-67.0,0.834567901235
96,42045,Delaware County,PA,363.0,509.0,"Philadelphia-Camden-Wilmington, PA-NJ-DE-MD",-146.0,0.713163064833,357.0,533.0,-176.0,0.669793621013,284.0,465.0,-181.0,0.610752688172,326.0,325.0,1.0,1.00307692308
97,51810,Virginia Beach city,VA,362.0,426.0,"Virginia Beach-Norfolk-Newport News, VA-NC",-64.0,0.849765258216,307.0,511.0,-204.0,0.600782778865,266.0,424.0,-158.0,0.627358490566,256.0,325.0,-69.0,0.787692307692
98,25013,Hampden County,MA,341.0,444.0,"Springfield, MA",-103.0,0.768018018018,268.0,413.0,-145.0,0.648910411622,244.0,385.0,-141.0,0.633766233766,187.0,305.0,-118.0,0.613114754098
99,37063,Durham County,NC,334.0,407.0,"Durham-Chapel Hill, NC",-73.0,0.820638820639,331.0,377.0,-46.0,0.877984084881,258.0,364.0,-106.0,0.708791208791,222.0,318.0,-96.0,0.698113207547
100,12117,Seminole County,FL,321.0,621.0,"Orlando-Kissimmee-Sanford, FL",-300.0,0.51690821256,331.0,664.0,-333.0,0.498493975904,200.0,520.0,-320.0,0.384615384615,248.0,503.0,-255.0,0.493041749503
101,06081,San Mateo County,CA,318.0,382.0,"San Francisco-Oakland-Hayward, CA",-64.0,0.832460732984,289.0,500.0,-211.0,0.578,304.0,494.0,-190.0,0.615384615385,252.0,392.0,-140.0,0.642857142857
102,36007,Broome County,NY,310.0,453.0,"Binghamton, NY",-143.0,0.684326710817,283.0,607.0,-324.0,0.466227347611,282.0,612.0,-330.0,0.460784313725,287.0,428.0,-141.0,0.670560747664
103,08031,Denver County,CO,306.0,494.0,"Denver-Aurora-Lakewood, CO",-188.0,0.619433198381,305.0,465.0,-160.0,0.655913978495,272.0,545.0,-273.0,0.499082568807,212.0,471.0,-259.0,0.450106157113
104,36109,Tompkins County,NY,304.0,237.0,"Ithaca, NY",67.0,1.28270042194,295.0,266.0,29.0,1.10902255639,264.0,222.0,42.0,1.18918918919,218.0,159.0,59.0,1.37106918239
105,48439,Tarrant County,TX,283.0,532.0,"Dallas-Fort Worth-Arlington, TX",-249.0,0.531954887218,313.0,528.0,-215.0,0.592803030303,242.0,478.0,-236.0,0.506276150628,230.0,448.0,-218.0,0.513392857143
106,26161,Washtenaw County,MI,280.0,235.0,"Ann Arbor, MI",45.0,1.1914893617,227.0,243.0,-16.0,0.934156378601,232.0,178.0,54.0,1.30337078652,146.0,122.0,24.0,1.19672131148
107,42071,Lancaster County,PA,278.0,459.0,"Lancaster, PA",-181.0,0.605664488017,231.0,386.0,-155.0,0.598445595855,185.0,312.0,-127.0,0.592948717949,187.0,261.0,-74.0,0.716475095785
108,06013,Contra Costa County,CA,275.0,318.0,"San Francisco-Oakland-Hayward, CA",-43.0,0.864779874214,244.0,354.0,-110.0,0.689265536723,247.0,344.0,-97.0,0.718023255814,213.0,288.0,-75.0,0.739583333333
109,47037,Davidson County,TN,264.0,375.0,"Nashville-Davidson--Murfreesboro--Franklin, TN",-111.0,0.704,338.0,406.0,-68.0,0.832512315271,246.0,411.0,-165.0,0.598540145985,183.0,400.0,-217.0,0.4575
110,39061,Hamilton County,OH,258.0,275.0,"Cincinnati, OH-KY-IN",-17.0,0.938181818182,304.0,302.0,2.0,1.00662251656,212.0,328.0,-116.0,0.646341463415,148.0,157.0,-9.0,0.942675159236
111,51710,Norfolk city,VA,258.0,301.0,"Virginia Beach-Norfolk-Newport News, VA-NC",-43.0,0.857142857143,226.0,272.0,-46.0,0.830882352941,153.0,302.0,-149.0,0.506622516556,114.0,259.0,-145.0,0.440154440154
112,12127,Volusia County,FL,254.0,406.0,"Deltona-Daytona Beach-Ormond Beach, FL",-152.0,0.625615763547,281.0,514.0,-233.0,0.546692607004,239.0,437.0,-198.0,0.546910755149,194.0,410.0,-216.0,0.473170731707
113,29189,St. Louis County,MO,251.0,219.0,"St. Louis, MO-IL",32.0,1.14611872146,270.0,260.0,10.0,1.03846153846,193.0,244.0,-51.0,0.790983606557,160.0,129.0,31.0,1.24031007752
114,18097,Marion County,IN,243.0,448.0,"Indianapolis-Carmel-Anderson, IN",-205.0,0.542410714286,264.0,269.0,-5.0,0.981412639405,184.0,249.0,-65.0,0.738955823293,116.0,274.0,-158.0,0.423357664234
115,42103,Pike County,PA,243.0,453.0,"New York-Newark-Jersey City, NY-NJ-PA",-210.0,0.53642384106,240.0,444.0,-204.0,0.540540540541,257.0,390.0,-133.0,0.658974358974,189.0,374.0,-185.0,0.505347593583
116,06065,Riverside County,CA,242.0,254.0,"Riverside-San Bernardino-Ontario, CA",-12.0,0.952755905512,188.0,298.0,-110.0,0.630872483221,187.0,267.0,-80.0,0.700374531835,141.0,198.0,-57.0,0.712121212121
117,49035,Salt Lake County,UT,241.0,234.0,"Salt Lake City, UT",7.0,1.02991452991,235.0,271.0,-36.0,0.867158671587,194.0,209.0,-15.0,0.928229665072,134.0,110.0,24.0,1.21818181818
118,48029,Bexar County,TX,240.0,411.0,"San Antonio-New Braunfels, TX",-171.0,0.583941605839,340.0,454.0,-114.0,0.748898678414,241.0,418.0,-177.0,0.576555023923,222.0,321.0,-99.0,0.691588785047
119,55025,Dane County,WI,239.0,169.0,"Madison, WI",70.0,1.41420118343,179.0,173.0,6.0,1.03468208092,120.0,148.0,-28.0,0.810810810811,105.0,71.0,34.0,1.47887323944
120,37081,Guilford County,NC,232.0,388.0,"Greensboro-High Point, NC",-156.0,0.59793814433,236.0,438.0,-202.0,0.538812785388,227.0,325.0,-98.0,0.698461538462,163.0,293.0,-130.0,0.556313993174
121,24003,Anne Arundel County,MD,230.0,320.0,"Baltimore-Columbia-Towson, MD",-90.0,0.71875,241.0,290.0,-49.0,0.831034482759,177.0,236.0,-59.0,0.75,220.0,206.0,14.0,1.06796116505
122,12101,Pasco County,FL,230.0,409.0,"Tampa-St. Petersburg-Clearwater, FL",-179.0,0.562347188264,257.0,419.0,-162.0,0.613365155131,102.0,334.0,-232.0,0.305389221557,97.0,259.0,-162.0,0.374517374517
123,51153,Prince William County,VA,229.0,372.0,"Washington-Arlington-Alexandria, DC-VA-MD-WV",-143.0,0.615591397849,211.0,267.0,-56.0,0.790262172285,167.0,267.0,-100.0,0.625468164794,126.0,209.0,-83.0,0.602870813397
124,12083,Marion County,FL,228.0,317.0,"Ocala, FL",-89.0,0.719242902208,142.0,322.0,-180.0,0.44099378882,114.0,290.0,-176.0,0.393103448276,,233.0,,
125,06071,San Bernardino County,CA,228.0,209.0,"Riverside-San Bernardino-Ontario, CA",19.0,1.09090909091,239.0,270.0,-31.0,0.885185185185,180.0,186.0,-6.0,0.967741935484,203.0,163.0,40.0,1.24539877301
126,36093,Schenectady County,NY,227.0,583.0,"Albany-Schenectady-Troy, NY",-356.0,0.38936535163,330.0,484.0,-154.0,0.681818181818,259.0,555.0,-296.0,0.466666666667,244.0,444.0,-200.0,0.54954954955
127,37051,Cumberland County,NC,225.0,436.0,"Fayetteville, NC",-211.0,0.516055045872,288.0,411.0,-123.0,0.700729927007,184.0,356.0,-172.0,0.516853932584,187.0,267.0,-80.0,0.700374531835
128,47157,Shelby County,TN,224.0,255.0,"Memphis, TN-MS-AR",-31.0,0.878431372549,211.0,209.0,2.0,1.00956937799,164.0,130.0,34.0,1.26153846154,130.0,75.0,55.0,1.73333333333
129,09005,Litchfield County,CT,222.0,327.0,"Torrington, CT",-105.0,0.678899082569,233.0,348.0,-115.0,0.669540229885,193.0,350.0,-157.0,0.551428571429,228.0,253.0,-25.0,0.901185770751
130,12009,Brevard County,FL,221.0,474.0,"Palm Bay-Melbourne-Titusville, FL",-253.0,0.466244725738,256.0,424.0,-168.0,0.603773584906,209.0,402.0,-193.0,0.519900497512,164.0,330.0,-166.0,0.49696969697
131,22071,Orleans Parish,LA,218.0,316.0,"New Orleans-Metairie, LA",-98.0,0.689873417722,204.0,331.0,-127.0,0.616314199396,178.0,325.0,-147.0,0.547692307692,131.0,216.0,-85.0,0.606481481481
132,45079,Richland County,SC,217.0,247.0,"Columbia, SC",-30.0,0.878542510121,189.0,288.0,-99.0,0.65625,141.0,130.0,11.0,1.08461538462,82.0,113.0,-31.0,0.725663716814
133,42029,Chester County,PA,217.0,281.0,"Philadelphia-Camden-Wilmington, PA-NJ-DE-MD",-64.0,0.772241992883,264.0,292.0,-28.0,0.904109589041,217.0,271.0,-54.0,0.80073800738,201.0,164.0,37.0,1.2256097561
134,55079,Milwaukee County,WI,215.0,225.0,"Milwaukee-Waukesha-West Allis, WI",-10.0,0.955555555556,193.0,216.0,-23.0,0.893518518519,188.0,177.0,11.0,1.06214689266,90.0,129.0,-39.0,0.697674418605
135,12111,St. Lucie County,FL,207.0,418.0,"Port St. Lucie, FL",-211.0,0.495215311005,216.0,370.0,-154.0,0.583783783784,131.0,384.0,-253.0,0.341145833333,74.0,350.0,-276.0,0.211428571429
136,37133,Onslow County,NC,206.0,150.0,"Jacksonville, NC",56.0,1.37333333333,168.0,175.0,-7.0,0.96,99.0,153.0,-54.0,0.647058823529,39.0,163.0,-124.0,0.239263803681
137,48085,Collin County,TX,206.0,343.0,"Dallas-Fort Worth-Arlington, TX",-137.0,0.600583090379,230.0,368.0,-138.0,0.625,189.0,390.0,-201.0,0.484615384615,141.0,257.0,-116.0,0.548638132296
138,45019,Charleston County,SC,203.0,286.0,"Charleston-North Charleston, SC",-83.0,0.70979020979,166.0,318.0,-152.0,0.522012578616,150.0,334.0,-184.0,0.449101796407,145.0,151.0,-6.0,0.960264900662
139,13063,Clayton County,GA,201.0,379.0,"Atlanta-Sandy Springs-Roswell, GA",-178.0,0.530343007916,325.0,291.0,34.0,1.11683848797,150.0,340.0,-190.0,0.441176470588,52.0,336.0,-284.0,0.154761904762
140,53053,Pierce County,WA,200.0,155.0,"Seattle-Tacoma-Bellevue, WA",45.0,1.29032258065,113.0,191.0,-78.0,0.591623036649,131.0,143.0,-12.0,0.916083916084,28.0,83.0,-55.0,0.33734939759
141,17097,Lake County,IL,197.0,209.0,"Chicago-Naperville-Elgin, IL-IN-WI",-12.0,0.942583732057,181.0,218.0,-37.0,0.830275229358,119.0,158.0,-39.0,0.753164556962,116.0,116.0,0.0,1.0
142,42069,Lackawanna County,PA,196.0,332.0,"Scranton--Wilkes-Barre--Hazleton, PA",-136.0,0.590361445783,186.0,270.0,-84.0,0.688888888889,153.0,282.0,-129.0,0.542553191489,150.0,271.0,-121.0,0.553505535055
143,17043,DuPage County,IL,196.0,165.0,"Chicago-Naperville-Elgin, IL-IN-WI",31.0,1.18787878788,200.0,177.0,23.0,1.12994350282,149.0,179.0,-30.0,0.832402234637,103.0,176.0,-73.0,0.585227272727
144,42043,Dauphin County,PA,192.0,293.0,"Harrisburg-Carlisle, PA",-101.0,0.655290102389,180.0,323.0,-143.0,0.557275541796,173.0,311.0,-138.0,0.556270096463,82.0,322.0,-240.0,0.254658385093
145,42133,York County,PA,190.0,292.0,"York-Hanover, PA",-102.0,0.650684931507,153.0,278.0,-125.0,0.55035971223,108.0,251.0,-143.0,0.430278884462,34.0,135.0,-101.0,0.251851851852
146,25015,Hampshire County,MA,190.0,169.0,"Springfield, MA",21.0,1.12426035503,119.0,198.0,-79.0,0.60101010101,136.0,157.0,-21.0,0.866242038217,90.0,98.0,-8.0,0.918367346939
147,51087,Henrico County,VA,190.0,339.0,"Richmond, VA",-149.0,0.560471976401,189.0,310.0,-121.0,0.609677419355,163.0,287.0,-124.0,0.567944250871,178.0,240.0,-62.0,0.741666666667
148,36083,Rensselaer County,NY,189.0,255.0,"Albany-Schenectady-Troy, NY",-66.0,0.741176470588,209.0,243.0,-34.0,0.860082304527,161.0,278.0,-117.0,0.579136690647,137.0,244.0,-107.0,0.561475409836
149,01073,Jefferson County,AL,181.0,177.0,"Birmingham-Hoover, AL",4.0,1.02259887006,157.0,184.0,-27.0,0.853260869565,85.0,117.0,-32.0,0.726495726496,42.0,39.0,3.0,1.07692307692
150,48141,El Paso County,TX,181.0,189.0,"El Paso, TX",-8.0,0.957671957672,152.0,171.0,-19.0,0.888888888889,84.0,134.0,-50.0,0.626865671642,58.0,98.0,-40.0,0.591836734694
151,36091,Saratoga County,NY,180.0,214.0,"Albany-Schenectady-Troy, NY",-34.0,0.841121495327,192.0,281.0,-89.0,0.683274021352,167.0,225.0,-58.0,0.742222222222,175.0,251.0,-76.0,0.697211155378
152,13051,Chatham County,GA,179.0,209.0,"Savannah, GA",-30.0,0.856459330144,198.0,179.0,19.0,1.1061452514,80.0,169.0,-89.0,0.473372781065,43.0,99.0,-56.0,0.434343434343
153,48157,Fort Bend County,TX,178.0,260.0,"Houston-The Woodlands-Sugar Land, TX",-82.0,0.684615384615,110.0,333.0,-223.0,0.33033033033,104.0,300.0,-196.0,0.346666666667,47.0,246.0,-199.0,0.191056910569
154,06067,Sacramento County,CA,176.0,185.0,"Sacramento--Roseville--Arden-Arcade, CA",-9.0,0.951351351351,174.0,256.0,-82.0,0.6796875,187.0,205.0,-18.0,0.912195121951,173.0,163.0,10.0,1.06134969325
155,24027,Howard County,MD,174.0,266.0,"Baltimore-Columbia-Towson, MD",-92.0,0.654135338346,191.0,296.0,-105.0,0.64527027027,134.0,259.0,-125.0,0.517374517375,153.0,144.0,9.0,1.0625
156,51760,Richmond city,VA,174.0,286.0,"Richmond, VA",-112.0,0.608391608392,235.0,325.0,-90.0,0.723076923077,179.0,305.0,-126.0,0.586885245902,162.0,205.0,-43.0,0.790243902439
157,12115,Sarasota County,FL,170.0,319.0,"North Port-Sarasota-Bradenton, FL",-149.0,0.532915360502,205.0,316.0,-111.0,0.648734177215,135.0,336.0,-201.0,0.401785714286,107.0,211.0,-104.0,0.507109004739
158,45045,Greenville County,SC,167.0,186.0,"Greenville-Anderson-Mauldin, SC",-19.0,0.897849462366,71.0,157.0,-86.0,0.452229299363,37.0,228.0,-191.0,0.162280701754,53.0,52.0,1.0,1.01923076923
159,51510,Alexandria city,VA,166.0,196.0,"Washington-Arlington-Alexandria, DC-VA-MD-WV",-30.0,0.84693877551,159.0,247.0,-88.0,0.643724696356,162.0,214.0,-52.0,0.757009345794,123.0,145.0,-22.0,0.848275862069
160,25001,Barnstable County,MA,163.0,215.0,"Barnstable Town, MA",-52.0,0.758139534884,164.0,214.0,-50.0,0.766355140187,154.0,184.0,-30.0,0.836956521739,114.0,177.0,-63.0,0.64406779661
161,22051,Jefferson Parish,LA,163.0,201.0,"New Orleans-Metairie, LA",-38.0,0.810945273632,136.0,211.0,-75.0,0.644549763033,84.0,193.0,-109.0,0.435233160622,75.0,151.0,-76.0,0.496688741722
162,36065,Oneida County,NY,161.0,252.0,"Utica-Rome, NY",-91.0,0.638888888889,176.0,312.0,-136.0,0.564102564103,149.0,258.0,-109.0,0.577519379845,114.0,276.0,-162.0,0.413043478261
163,04019,Pima County,AZ,160.0,202.0,"Tucson, AZ",-42.0,0.792079207921,169.0,192.0,-23.0,0.880208333333,131.0,186.0,-55.0,0.704301075269,78.0,112.0,-34.0,0.696428571429
164,51700,Newport News city,VA,154.0,217.0,"Virginia Beach-Norfolk-Newport News, VA-NC",-63.0,0.709677419355,147.0,182.0,-35.0,0.807692307692,49.0,197.0,-148.0,0.248730964467,85.0,41.0,44.0,2.07317073171
165,08013,Boulder County,CO,153.0,180.0,"Boulder, CO",-27.0,0.85,152.0,208.0,-56.0,0.730769230769,111.0,236.0,-125.0,0.470338983051,80.0,167.0,-87.0,0.479041916168
166,25005,Bristol County,MA,152.0,217.0,"Providence-Warwick, RI-MA",-65.0,0.700460829493,155.0,245.0,-90.0,0.632653061224,157.0,232.0,-75.0,0.676724137931,159.0,72.0,87.0,2.20833333333
167,33011,Hillsborough County,NH,151.0,213.0,"Manchester-Nashua, NH",-62.0,0.708920187793,200.0,234.0,-34.0,0.854700854701,158.0,174.0,-16.0,0.908045977011,116.0,197.0,-81.0,0.58883248731
168,48027,Bell County,TX,150.0,190.0,"Killeen-Temple, TX",-40.0,0.789473684211,154.0,220.0,-66.0,0.7,42.0,165.0,-123.0,0.254545454545,,119.0,,
169,34037,Sussex County,NJ,149.0,162.0,"New York-Newark-Jersey City, NY-NJ-PA",-13.0,0.91975308642,114.0,145.0,-31.0,0.786206896552,143.0,160.0,-17.0,0.89375,129.0,90.0,39.0,1.43333333333
170,12081,Manatee County,FL,147.0,187.0,"North Port-Sarasota-Bradenton, FL",-40.0,0.786096256684,138.0,207.0,-69.0,0.666666666667,80.0,156.0,-76.0,0.512820512821,25.0,119.0,-94.0,0.210084033613
171,12069,Lake County,FL,141.0,352.0,"Orlando-Kissimmee-Sanford, FL",-211.0,0.400568181818,169.0,356.0,-187.0,0.474719101124,71.0,356.0,-285.0,0.199438202247,75.0,249.0,-174.0,0.301204819277
172,12001,Alachua County,FL,139.0,160.0,"Gainesville, FL",-21.0,0.86875,144.0,129.0,15.0,1.11627906977,85.0,83.0,2.0,1.02409638554,76.0,40.0,36.0,1.9
173,49049,Utah County,UT,136.0,37.0,"Provo-Orem, UT",99.0,3.67567567568,48.0,51.0,-3.0,0.941176470588,53.0,53.0,0.0,1.0,63.0,,,
174,36045,Jefferson County,NY,136.0,152.0,"Watertown-Fort Drum, NY",-16.0,0.894736842105,131.0,150.0,-19.0,0.873333333333,,90.0,,,51.0,47.0,4.0,1.08510638298
175,25023,Plymouth County,MA,135.0,174.0,"Boston-Cambridge-Newton, MA-NH",-39.0,0.775862068966,158.0,179.0,-21.0,0.882681564246,159.0,168.0,-9.0,0.946428571429,108.0,78.0,30.0,1.38461538462
176,36021,Columbia County,NY,134.0,304.0,"Hudson, NY",-170.0,0.440789473684,182.0,287.0,-105.0,0.634146341463,202.0,296.0,-94.0,0.682432432432,86.0,261.0,-175.0,0.329501915709
177,23005,Cumberland County,ME,134.0,180.0,"Portland-South Portland, ME",-46.0,0.744444444444,145.0,192.0,-47.0,0.755208333333,155.0,234.0,-79.0,0.662393162393,112.0,164.0,-52.0,0.682926829268
178,08005,Arapahoe County,CO,132.0,171.0,"Denver-Aurora-Lakewood, CO",-39.0,0.771929824561,152.0,204.0,-52.0,0.745098039216,115.0,203.0,-88.0,0.566502463054,89.0,145.0,-56.0,0.613793103448
179,02020,Anchorage Municipality,AK,130.0,115.0,"Anchorage, AK",15.0,1.13043478261,103.0,68.0,35.0,1.51470588235,,35.0,,,,,,
180,34041,Warren County,NJ,130.0,150.0,"Allentown-Bethlehem-Easton, PA-NJ",-20.0,0.866666666667,130.0,155.0,-25.0,0.838709677419,31.0,89.0,-58.0,0.348314606742,23.0,37.0,-14.0,0.621621621622
181,21111,Jefferson County,KY,130.0,170.0,"Louisville/Jefferson County, KY-IN",-40.0,0.764705882353,141.0,190.0,-49.0,0.742105263158,105.0,148.0,-43.0,0.709459459459,69.0,130.0,-61.0,0.530769230769
182,27123,Ramsey County,MN,130.0,107.0,"Minneapolis-St. Paul-Bloomington, MN-WI",23.0,1.21495327103,123.0,91.0,32.0,1.35164835165,85.0,69.0,16.0,1.23188405797,68.0,48.0,20.0,1.41666666667
183,06041,Marin County,CA,129.0,168.0,"San Francisco-Oakland-Hayward, CA",-39.0,0.767857142857,114.0,234.0,-120.0,0.487179487179,121.0,242.0,-121.0,0.5,124.0,186.0,-62.0,0.666666666667
184,48121,Denton County,TX,128.0,154.0,"Dallas-Fort Worth-Arlington, TX",-26.0,0.831168831169,135.0,209.0,-74.0,0.645933014354,124.0,94.0,30.0,1.31914893617,68.0,133.0,-65.0,0.511278195489
185,50007,Chittenden County,VT,127.0,133.0,"Burlington-South Burlington, VT",-6.0,0.954887218045,127.0,157.0,-30.0,0.808917197452,89.0,108.0,-19.0,0.824074074074,72.0,69.0,3.0,1.04347826087
186,51107,Loudoun County,VA,122.0,193.0,"Washington-Arlington-Alexandria, DC-VA-MD-WV",-71.0,0.632124352332,145.0,176.0,-31.0,0.823863636364,142.0,206.0,-64.0,0.68932038835,153.0,126.0,27.0,1.21428571429
187,29510,St. Louis city,MO,121.0,98.0,"St. Louis, MO-IL",23.0,1.23469387755,116.0,117.0,-1.0,0.991452991453,72.0,67.0,5.0,1.07462686567,64.0,37.0,27.0,1.72972972973
188,26099,Macomb County,MI,118.0,149.0,"Detroit-Warren-Dearborn, MI",-31.0,0.791946308725,114.0,140.0,-26.0,0.814285714286,57.0,86.0,-29.0,0.662790697674,30.0,,,
189,09007,Middlesex County,CT,117.0,117.0,"Hartford-West Hartford-East Hartford, CT",0.0,1.0,105.0,163.0,-58.0,0.644171779141,129.0,139.0,-10.0,0.928057553957,88.0,,,
190,25003,Berkshire County,MA,115.0,167.0,"Pittsfield, MA",-52.0,0.688622754491,101.0,190.0,-89.0,0.531578947368,98.0,149.0,-51.0,0.657718120805,59.0,82.0,-23.0,0.719512195122
191,34019,Hunterdon County,NJ,115.0,179.0,"New York-Newark-Jersey City, NY-NJ-PA",-64.0,0.642458100559,164.0,204.0,-40.0,0.803921568627,116.0,114.0,2.0,1.01754385965,110.0,40.0,70.0,2.75
192,51041,Chesterfield County,VA,113.0,193.0,"Richmond, VA",-80.0,0.585492227979,152.0,233.0,-81.0,0.652360515021,38.0,240.0,-202.0,0.158333333333,125.0,97.0,28.0,1.28865979381
193,36039,Greene County,NY,113.0,220.0,,-107.0,0.513636363636,120.0,156.0,-36.0,0.769230769231,107.0,171.0,-64.0,0.625730994152,97.0,153.0,-56.0,0.633986928105
194,37135,Orange County,NC,112.0,127.0,"Durham-Chapel Hill, NC",-15.0,0.88188976378,112.0,163.0,-51.0,0.687116564417,90.0,125.0,-35.0,0.72,76.0,63.0,13.0,1.20634920635
195,06111,Ventura County,CA,112.0,136.0,"Oxnard-Thousand Oaks-Ventura, CA",-24.0,0.823529411765,131.0,142.0,-11.0,0.922535211268,106.0,143.0,-37.0,0.741258741259,100.0,93.0,7.0,1.0752688172
196,29095,Jackson County,MO,112.0,191.0,"Kansas City, MO-KS",-79.0,0.586387434555,155.0,183.0,-28.0,0.846994535519,107.0,92.0,15.0,1.16304347826,74.0,72.0,2.0,1.02777777778
197,06083,Santa Barbara County,CA,112.0,119.0,"Santa Maria-Santa Barbara, CA",-7.0,0.941176470588,105.0,109.0,-4.0,0.963302752294,51.0,97.0,-46.0,0.525773195876,70.0,105.0,-35.0,0.666666666667
198,37067,Forsyth County,NC,110.0,166.0,"Winston-Salem, NC",-56.0,0.66265060241,151.0,192.0,-41.0,0.786458333333,95.0,165.0,-70.0,0.575757575758,84.0,130.0,-46.0,0.646153846154
199,20091,Johnson County,KS,110.0,134.0,"Kansas City, MO-KS",-24.0,0.820895522388,99.0,171.0,-72.0,0.578947368421,81.0,137.0,-56.0,0.591240875912,57.0,40.0,17.0,1.425
200,12053,Hernando County,FL,108.0,177.0,"Tampa-St. Petersburg-Clearwater, FL",-69.0,0.610169491525,76.0,189.0,-113.0,0.402116402116,,124.0,,,,46.0,,
201,35001,Bernalillo County,NM,107.0,89.0,"Albuquerque, NM",18.0,1.20224719101,86.0,140.0,-54.0,0.614285714286,107.0,79.0,28.0,1.35443037975,67.0,,,
202,13151,Henry County,GA,105.0,305.0,"Atlanta-Sandy Springs-Roswell, GA",-200.0,0.344262295082,92.0,244.0,-152.0,0.377049180328,38.0,161.0,-123.0,0.23602484472,,197.0,,
203,24025,Harford County,MD,105.0,103.0,"Baltimore-Columbia-Towson, MD",2.0,1.01941747573,68.0,94.0,-26.0,0.723404255319,73.0,42.0,31.0,1.7380952381,60.0,88.0,-28.0,0.681818181818
204,08041,El Paso County,CO,104.0,191.0,"Colorado Springs, CO",-87.0,0.544502617801,152.0,171.0,-19.0,0.888888888889,74.0,138.0,-64.0,0.536231884058,67.0,149.0,-82.0,0.44966442953
205,45051,Horry County,SC,103.0,214.0,"Myrtle Beach-Conway-North Myrtle Beach, SC-NC",-111.0,0.481308411215,88.0,198.0,-110.0,0.444444444444,40.0,122.0,-82.0,0.327868852459,,88.0,,
206,12073,Leon County,FL,101.0,143.0,"Tallahassee, FL",-42.0,0.706293706294,171.0,53.0,118.0,3.22641509434,62.0,35.0,27.0,1.77142857143,65.0,,,
207,13247,Rockdale County,GA,99.0,124.0,"Atlanta-Sandy Springs-Roswell, GA",-25.0,0.798387096774,63.0,136.0,-73.0,0.463235294118,,113.0,,,,64.0,,
208,34015,Gloucester County,NJ,95.0,93.0,"Philadelphia-Camden-Wilmington, PA-NJ-DE-MD",2.0,1.02150537634,76.0,123.0,-47.0,0.617886178862,61.0,64.0,-3.0,0.953125,33.0,,,
209,51540,Charlottesville city,VA,94.0,66.0,"Charlottesville, VA",28.0,1.42424242424,95.0,66.0,29.0,1.43939393939,65.0,33.0,32.0,1.9696969697,24.0,31.0,-7.0,0.774193548387
210,33009,Grafton County,NH,91.0,55.0,"Claremont-Lebanon, NH-VT",36.0,1.65454545455,79.0,73.0,6.0,1.08219178082,68.0,44.0,24.0,1.54545454545,42.0,,,
211,34011,Cumberland County,NJ,89.0,135.0,"Vineland-Bridgeton, NJ",-46.0,0.659259259259,39.0,109.0,-70.0,0.357798165138,,,,,,,,
212,40109,Oklahoma County,OK,88.0,199.0,"Oklahoma City, OK",-111.0,0.442211055276,90.0,94.0,-4.0,0.957446808511,58.0,130.0,-72.0,0.446153846154,36.0,42.0,-6.0,0.857142857143
213,26081,Kent County,MI,88.0,137.0,"Grand Rapids-Wyoming, MI",-49.0,0.642335766423,64.0,158.0,-94.0,0.405063291139,86.0,87.0,-1.0,0.988505747126,30.0,,,
214,42075,Lebanon County,PA,86.0,178.0,"Lebanon, PA",-92.0,0.483146067416,60.0,212.0,-152.0,0.283018867925,,115.0,,,,55.0,,
215,42027,Centre County,PA,86.0,61.0,"State College, PA",25.0,1.40983606557,62.0,50.0,12.0,1.24,29.0,,,,23.0,23.0,0.0,1.0
216,51003,Albemarle County,VA,85.0,85.0,"Charlottesville, VA",0.0,1.0,82.0,88.0,-6.0,0.931818181818,59.0,43.0,16.0,1.37209302326,,,,
217,40143,Tulsa County,OK,83.0,75.0,"Tulsa, OK",8.0,1.10666666667,68.0,85.0,-17.0,0.8,35.0,30.0,5.0,1.16666666667,31.0,40.0,-9.0,0.775
218,12035,Flagler County,FL,82.0,152.0,"Deltona-Daytona Beach-Ormond Beach, FL",-70.0,0.539473684211,91.0,182.0,-91.0,0.5,,119.0,,,,87.0,,
219,33015,Rockingham County,NH,82.0,97.0,"Boston-Cambridge-Newton, MA-NH",-15.0,0.845360824742,92.0,105.0,-13.0,0.87619047619,63.0,73.0,-10.0,0.86301369863,57.0,43.0,14.0,1.32558139535
220,39113,Montgomery County,OH,81.0,60.0,"Dayton, OH",21.0,1.35,59.0,103.0,-44.0,0.572815533981,,,,,,,,
221,36025,Delaware County,NY,80.0,155.0,,-75.0,0.516129032258,62.0,168.0,-106.0,0.369047619048,41.0,173.0,-132.0,0.236994219653,27.0,64.0,-37.0,0.421875
222,31055,Douglas County,NE,80.0,111.0,"Omaha-Council Bluffs, NE-IA",-31.0,0.720720720721,82.0,94.0,-12.0,0.872340425532,32.0,73.0,-41.0,0.438356164384,56.0,38.0,18.0,1.47368421053
223,10001,Kent County,DE,78.0,182.0,"Dover, DE",-104.0,0.428571428571,62.0,153.0,-91.0,0.40522875817,40.0,85.0,-45.0,0.470588235294,33.0,161.0,-128.0,0.204968944099
224,53061,Snohomish County,WA,77.0,108.0,"Seattle-Tacoma-Bellevue, WA",-31.0,0.712962962963,66.0,131.0,-65.0,0.503816793893,,95.0,,,56.0,,,
225,39017,Butler County,OH,76.0,65.0,"Cincinnati, OH-KY-IN",11.0,1.16923076923,62.0,72.0,-10.0,0.861111111111,,,,,23.0,,,
226,13215,Muscogee County,GA,76.0,54.0,"Columbus, GA-AL",22.0,1.40740740741,39.0,106.0,-67.0,0.367924528302,,,,,,,,
227,42041,Cumberland County,PA,75.0,112.0,"Harrisburg-Carlisle, PA",-37.0,0.669642857143,84.0,75.0,9.0,1.12,26.0,,,,25.0,,,
228,51650,Hampton city,VA,74.0,138.0,"Virginia Beach-Norfolk-Newport News, VA-NC",-64.0,0.536231884058,92.0,95.0,-3.0,0.968421052632,39.0,72.0,-33.0,0.541666666667,,,,
229,47093,Knox County,TN,72.0,63.0,"Knoxville, TN",9.0,1.14285714286,65.0,61.0,4.0,1.06557377049,67.0,,,,,,,
230,45015,Berkeley County,SC,72.0,142.0,"Charleston-North Charleston, SC",-70.0,0.507042253521,59.0,63.0,-4.0,0.936507936508,,71.0,,,,,,
231,05119,Pulaski County,AR,71.0,77.0,"Little Rock-North Little Rock-Conway, AR",-6.0,0.922077922078,80.0,46.0,34.0,1.73913043478,32.0,,,,,,,
232,44009,Washington County,RI,70.0,63.0,"Providence-Warwick, RI-MA",7.0,1.11111111111,95.0,67.0,28.0,1.41791044776,43.0,39.0,4.0,1.10256410256,,,,
233,17019,Champaign County,IL,70.0,78.0,"Champaign-Urbana, IL",-8.0,0.897435897436,47.0,28.0,19.0,1.67857142857,76.0,,,,,,,
234,19153,Polk County,IA,70.0,73.0,"Des Moines-West Des Moines, IA",-3.0,0.958904109589,41.0,66.0,-25.0,0.621212121212,,,,,,,,
235,22033,East Baton Rouge Parish,LA,67.0,69.0,"Baton Rouge, LA",-2.0,0.971014492754,69.0,93.0,-24.0,0.741935483871,71.0,42.0,29.0,1.69047619048,58.0,,,
236,21067,Fayette County,KY,67.0,81.0,"Lexington-Fayette, KY",-14.0,0.827160493827,87.0,102.0,-15.0,0.852941176471,58.0,31.0,27.0,1.87096774194,28.0,,,
237,36063,Niagara County,NY,67.0,31.0,"Buffalo-Cheektowaga-Niagara Falls, NY",36.0,2.16129032258,51.0,44.0,7.0,1.15909090909,29.0,,,,,,,
238,08059,Jefferson County,CO,67.0,117.0,"Denver-Aurora-Lakewood, CO",-50.0,0.57264957265,59.0,92.0,-33.0,0.641304347826,40.0,68.0,-28.0,0.588235294118,27.0,,,
239,32031,Washoe County,NV,65.0,83.0,"Reno, NV",-18.0,0.78313253012,67.0,39.0,28.0,1.71794871795,,34.0,,,,,,
240,13217,Newton County,GA,62.0,113.0,"Atlanta-Sandy Springs-Roswell, GA",-51.0,0.548672566372,36.0,81.0,-45.0,0.444444444444,,68.0,,,,53.0,,
241,41067,Washington County,OR,62.0,94.0,"Portland-Vancouver-Hillsboro, OR-WA",-32.0,0.659574468085,58.0,99.0,-41.0,0.585858585859,43.0,44.0,-1.0,0.977272727273,24.0,32.0,-8.0,0.75
242,39153,Summit County,OH,61.0,81.0,"Akron, OH",-20.0,0.753086419753,112.0,86.0,26.0,1.3023255814,60.0,36.0,24.0,1.66666666667,67.0,,,
243,47065,Hamilton County,TN,59.0,44.0,"Chattanooga, TN-GA",15.0,1.34090909091,46.0,89.0,-43.0,0.516853932584,,,,,,,,
244,51550,Chesapeake city,VA,59.0,147.0,"Virginia Beach-Norfolk-Newport News, VA-NC",-88.0,0.401360544218,68.0,177.0,-109.0,0.38418079096,30.0,117.0,-87.0,0.25641025641,33.0,41.0,-8.0,0.80487804878
245,44005,Newport County,RI,58.0,48.0,"Providence-Warwick, RI-MA",10.0,1.20833333333,36.0,80.0,-44.0,0.45,,27.0,,,,36.0,,
246,36077,Otsego County,NY,57.0,64.0,"Oneonta, NY",-7.0,0.890625,45.0,100.0,-55.0,0.45,,,,,,41.0,,
247,12015,Charlotte County,FL,57.0,122.0,"Punta Gorda, FL",-65.0,0.467213114754,34.0,89.0,-55.0,0.38202247191,,,,,,,,
248,34009,Cape May County,NJ,55.0,97.0,"Ocean City, NJ",-42.0,0.567010309278,20.0,31.0,-11.0,0.645161290323,,,,,21.0,,,
249,48491,Williamson County,TX,54.0,97.0,"Austin-Round Rock, TX",-43.0,0.556701030928,79.0,128.0,-49.0,0.6171875,36.0,105.0,-69.0,0.342857142857,,54.0,,
250,13245,Richmond County,GA,54.0,109.0,"Augusta-Richmond County, GA-SC",-55.0,0.495412844037,65.0,103.0,-38.0,0.631067961165,,,,,,,,
251,37129,New Hanover County,NC,53.0,89.0,"Wilmington, NC",-36.0,0.595505617978,82.0,105.0,-23.0,0.780952380952,66.0,115.0,-49.0,0.573913043478,,,,
252,10005,Sussex County,DE,53.0,126.0,"Salisbury, MD-DE",-73.0,0.420634920635,38.0,71.0,-33.0,0.535211267606,,,,,,,,
253,25011,Franklin County,MA,53.0,35.0,"Greenfield Town, MA",18.0,1.51428571429,28.0,24.0,4.0,1.16666666667,,,,,,,,
254,35049,Santa Fe County,NM,53.0,58.0,"Santa Fe, NM",-5.0,0.913793103448,66.0,81.0,-15.0,0.814814814815,26.0,70.0,-44.0,0.371428571429,23.0,36.0,-13.0,0.638888888889
255,09013,Tolland County,CT,52.0,35.0,"Hartford-West Hartford-East Hartford, CT",17.0,1.48571428571,54.0,60.0,-6.0,0.9,52.0,,,,,,,
256,13097,Douglas County,GA,51.0,105.0,"Atlanta-Sandy Springs-Roswell, GA",-54.0,0.485714285714,48.0,136.0,-88.0,0.352941176471,,41.0,,,,52.0,,
257,39095,Lucas County,OH,51.0,62.0,"Toledo, OH",-11.0,0.822580645161,42.0,56.0,-14.0,0.75,27.0,,,,,,,
258,36069,Ontario County,NY,51.0,33.0,"Rochester, NY",18.0,1.54545454545,28.0,68.0,-40.0,0.411764705882,,,,,,,,
259,24043,Washington County,MD,50.0,21.0,"Hagerstown-Martinsburg, MD-WV",29.0,2.38095238095,,64.0,,,,,,,,,,
260,48215,Hidalgo County,TX,50.0,62.0,"McAllen-Edinburg-Mission, TX",-12.0,0.806451612903,34.0,44.0,-10.0,0.772727272727,,,,,,,,
261,18105,Monroe County,IN,50.0,65.0,"Bloomington, IN",-15.0,0.769230769231,74.0,40.0,34.0,1.85,32.0,,,,,,,
262,12061,Indian River County,FL,50.0,69.0,"Sebastian-Vero Beach, FL",-19.0,0.724637681159,41.0,80.0,-39.0,0.5125,,45.0,,,,,,
263,55133,Waukesha County,WI,49.0,50.0,"Milwaukee-Waukesha-West Allis, WI",-1.0,0.98,30.0,56.0,-26.0,0.535714285714,24.0,,,,,,,
264,36019,Clinton County,NY,49.0,,"Plattsburgh, NY",,,,15.0,,,,,,,,,,
265,44003,Kent County,RI,49.0,66.0,"Providence-Warwick, RI-MA",-17.0,0.742424242424,67.0,78.0,-11.0,0.858974358974,32.0,,,,,,,
266,47125,Montgomery County,TN,47.0,131.0,"Clarksville, TN-KY",-84.0,0.358778625954,72.0,115.0,-43.0,0.626086956522,,49.0,,,,,,
267,45013,Beaufort County,SC,47.0,92.0,"Hilton Head Island-Bluffton-Beaufort, SC",-45.0,0.510869565217,73.0,115.0,-42.0,0.634782608696,32.0,35.0,-3.0,0.914285714286,26.0,78.0,-52.0,0.333333333333
268,12091,Okaloosa County,FL,47.0,29.0,"Crestview-Fort Walton Beach-Destin, FL",18.0,1.62068965517,25.0,24.0,1.0,1.04166666667,,,,,,,,
269,26065,Ingham County,MI,46.0,46.0,"Lansing-East Lansing, MI",0.0,1.0,57.0,58.0,-1.0,0.98275862069,30.0,,,,,,,
270,42127,Wayne County,PA,46.0,132.0,,-86.0,0.348484848485,37.0,152.0,-115.0,0.243421052632,,48.0,,,,,,
271,06097,Sonoma County,CA,45.0,92.0,"Santa Rosa, CA",-47.0,0.489130434783,64.0,90.0,-26.0,0.711111111111,44.0,90.0,-46.0,0.488888888889,29.0,34.0,-5.0,0.852941176471
272,24021,Frederick County,MD,45.0,51.0,"Washington-Arlington-Alexandria, DC-VA-MD-WV",-6.0,0.882352941176,66.0,95.0,-29.0,0.694736842105,27.0,123.0,-96.0,0.219512195122,33.0,,,
273,01089,Madison County,AL,44.0,43.0,"Huntsville, AL",1.0,1.02325581395,63.0,38.0,25.0,1.65789473684,,,,,,,,
274,01101,Montgomery County,AL,44.0,44.0,"Montgomery, AL",0.0,1.0,21.0,45.0,-24.0,0.466666666667,,,,,,,,
275,37021,Buncombe County,NC,44.0,86.0,"Asheville, NC",-42.0,0.511627906977,50.0,113.0,-63.0,0.442477876106,50.0,94.0,-44.0,0.531914893617,32.0,64.0,-32.0,0.5
276,06087,Santa Cruz County,CA,44.0,53.0,"Santa Cruz-Watsonville, CA",-9.0,0.830188679245,57.0,60.0,-3.0,0.95,25.0,69.0,-44.0,0.36231884058,,30.0,,
277,41039,Lane County,OR,43.0,38.0,"Eugene, OR",5.0,1.13157894737,42.0,61.0,-19.0,0.688524590164,,,,,22.0,,,
278,08069,Larimer County,CO,42.0,36.0,"Fort Collins, CO",6.0,1.16666666667,47.0,18.0,29.0,2.61111111111,,,,,,,,
279,18157,Tippecanoe County,IN,42.0,12.0,"Lafayette-West Lafayette, IN",30.0,3.5,16.0,,,,,,,,,,,
280,42025,Carbon County,PA,42.0,26.0,"Allentown-Bethlehem-Easton, PA-NJ",16.0,1.61538461538,,61.0,,,,41.0,,,,,,
281,12109,St. Johns County,FL,42.0,115.0,"Jacksonville, FL",-73.0,0.365217391304,62.0,154.0,-92.0,0.402597402597,23.0,128.0,-105.0,0.1796875,29.0,,,
282,06029,Kern County,CA,41.0,37.0,"Bakersfield, CA",4.0,1.10810810811,32.0,59.0,-27.0,0.542372881356,,,,,,,,
283,06053,Monterey County,CA,41.0,48.0,"Salinas, CA",-7.0,0.854166666667,41.0,53.0,-12.0,0.77358490566,,30.0,,,21.0,,,
284,20173,Sedgwick County,KS,41.0,14.0,"Wichita, KS",27.0,2.92857142857,75.0,64.0,11.0,1.171875,,,,,,,,
285,45063,Lexington County,SC,40.0,76.0,"Columbia, SC",-36.0,0.526315789474,39.0,70.0,-31.0,0.557142857143,,,,,,,,
286,41005,Clackamas County,OR,40.0,19.0,"Portland-Vancouver-Hillsboro, OR-WA",21.0,2.10526315789,16.0,41.0,-25.0,0.390243902439,,,,,,,,
287,27037,Dakota County,MN,40.0,55.0,"Minneapolis-St. Paul-Bloomington, MN-WI",-15.0,0.727272727273,33.0,75.0,-42.0,0.44,28.0,,,,32.0,,,
288,06079,San Luis Obispo County,CA,39.0,36.0,"San Luis Obispo-Paso Robles-Arroyo Grande, CA",3.0,1.08333333333,27.0,13.0,14.0,2.07692307692,,,,,,,,
289,17197,Will County,IL,39.0,37.0,"Chicago-Naperville-Elgin, IL-IN-WI",2.0,1.05405405405,44.0,34.0,10.0,1.29411764706,,,,,,,,
290,33013,Merrimack County,NH,39.0,19.0,"Concord, NH",20.0,2.05263157895,31.0,45.0,-14.0,0.688888888889,,,,,,,,
291,48339,Montgomery County,TX,39.0,85.0,"Houston-The Woodlands-Sugar Land, TX",-46.0,0.458823529412,34.0,81.0,-47.0,0.41975308642,,40.0,,,,,,
292,01097,Mobile County,AL,38.0,44.0,"Mobile, AL",-6.0,0.863636363636,61.0,75.0,-14.0,0.813333333333,,,,,,,,
293,09015,Windham County,CT,38.0,81.0,"Worcester, MA-CT",-43.0,0.469135802469,20.0,15.0,5.0,1.33333333333,,,,,,,,
294,06019,Fresno County,CA,37.0,137.0,"Fresno, CA",-100.0,0.270072992701,70.0,106.0,-36.0,0.660377358491,,43.0,,,28.0,51.0,-23.0,0.549019607843
295,53067,Thurston County,WA,37.0,34.0,"Olympia-Tumwater, WA",3.0,1.08823529412,15.0,,,,,,,,,,,
296,19103,Johnson County,IA,36.0,77.0,"Iowa City, IA",-41.0,0.467532467532,64.0,101.0,-37.0,0.633663366337,26.0,,,,,,,
297,18003,Allen County,IN,35.0,,"Fort Wayne, IN",,,,59.0,,,,,,,,,,
298,42049,Erie County,PA,33.0,76.0,"Erie, PA",-43.0,0.434210526316,20.0,53.0,-33.0,0.377358490566,34.0,,,,,,,
299,33017,Strafford County,NH,33.0,34.0,"Boston-Cambridge-Newton, MA-NH",-1.0,0.970588235294,19.0,42.0,-23.0,0.452380952381,,,,,,,,
300,45083,Spartanburg County,SC,33.0,,"Spartanburg, SC",,,24.0,89.0,-65.0,0.269662921348,,,,,,,,
301,29019,Boone County,MO,33.0,18.0,"Columbia, MO",15.0,1.83333333333,37.0,15.0,22.0,2.46666666667,,,,,,,,
302,53035,Kitsap County,WA,33.0,18.0,"Bremerton-Silverdale, WA",15.0,1.83333333333,25.0,35.0,-10.0,0.714285714286,,,,,,,,
303,12087,Monroe County,FL,31.0,44.0,"Key West, FL",-13.0,0.704545454545,49.0,40.0,9.0,1.225,,,,,,,,
304,47187,Williamson County,TN,31.0,37.0,"Nashville-Davidson--Murfreesboro--Franklin, TN",-6.0,0.837837837838,69.0,71.0,-2.0,0.971830985915,,39.0,,,33.0,,,
305,08037,Eagle County,CO,31.0,20.0,"Edwards, CO",11.0,1.55,10.0,15.0,-5.0,0.666666666667,,,,,,,,
306,36075,Oswego County,NY,31.0,,"Syracuse, NY",,,20.0,,,,,,,,,,,
307,12033,Escambia County,FL,30.0,53.0,"Pensacola-Ferry Pass-Brent, FL",-23.0,0.566037735849,49.0,69.0,-20.0,0.710144927536,,,,,,,,
308,06077,San Joaquin County,CA,28.0,19.0,"Stockton-Lodi, CA",9.0,1.47368421053,24.0,56.0,-32.0,0.428571428571,,,,,,,,
309,18057,Hamilton County,IN,27.0,57.0,"Indianapolis-Carmel-Anderson, IN",-30.0,0.473684210526,26.0,94.0,-68.0,0.276595744681,,,,,,,,
310,36057,Montgomery County,NY,27.0,46.0,"Amsterdam, NY",-19.0,0.586956521739,,30.0,,,,,,,,,,
311,37147,Pitt County,NC,27.0,115.0,"Greenville, NC",-88.0,0.234782608696,45.0,106.0,-61.0,0.424528301887,,,,,,,,
312,50027,Windsor County,VT,26.0,17.0,"Claremont-Lebanon, NH-VT",9.0,1.52941176471,30.0,43.0,-13.0,0.697674418605,,,,,,,,
313,13021,Bibb County,GA,25.0,16.0,"Macon-Bibb County, GA",9.0,1.5625,21.0,18.0,3.0,1.16666666667,,,,,,,,
314,53011,Clark County,WA,25.0,17.0,"Portland-Vancouver-Hillsboro, OR-WA",8.0,1.47058823529,17.0,32.0,-15.0,0.53125,,,,,,,,
315,06061,Placer County,CA,25.0,,"Sacramento--Roseville--Arden-Arcade, CA",,,42.0,13.0,29.0,3.23076923077,,,,,,,,
316,45041,Florence County,SC,25.0,60.0,"Florence, SC",-35.0,0.416666666667,20.0,45.0,-25.0,0.444444444444,,,,,,,,
317,45075,Orangeburg County,SC,25.0,83.0,"Orangeburg, SC",-58.0,0.301204819277,,71.0,,,,,,,,32.0,,
318,17089,Kane County,IL,24.0,40.0,"Chicago-Naperville-Elgin, IL-IN-WI",-16.0,0.6,46.0,26.0,20.0,1.76923076923,,,,,,,,
319,39093,Lorain County,OH,24.0,56.0,"Cleveland-Elyria, OH",-32.0,0.428571428571,14.0,17.0,-3.0,0.823529411765,,,,,,,,
320,36015,Chemung County,NY,24.0,34.0,"Elmira, NY",-10.0,0.705882352941,15.0,80.0,-65.0,0.1875,,,,,,,,
321,50001,Addison County,VT,24.0,,,,,,,,,,,,,,,,
322,17111,McHenry County,IL,23.0,66.0,"Chicago-Naperville-Elgin, IL-IN-WI",-43.0,0.348484848485,16.0,14.0,2.0,1.14285714286,,,,,,,,
323,26077,Kalamazoo County,MI,23.0,,"Kalamazoo-Portage, MI",,,14.0,15.0,-1.0,0.933333333333,,,,,,,,
324,31109,Lancaster County,NE,23.0,,"Lincoln, NE",,,29.0,39.0,-10.0,0.74358974359,,,,,,,,
325,36113,Warren County,NY,23.0,70.0,"Glens Falls, NY",-47.0,0.328571428571,29.0,49.0,-20.0,0.591836734694,,,,,,,,
326,12085,Martin County,FL,23.0,95.0,"Port St. Lucie, FL",-72.0,0.242105263158,40.0,66.0,-26.0,0.606060606061,,35.0,,,,30.0,,
327,37049,Craven County,NC,23.0,45.0,"New Bern, NC",-22.0,0.511111111111,21.0,34.0,-13.0,0.617647058824,,,,,,,,
328,18141,St. Joseph County,IN,22.0,28.0,"South Bend-Mishawaka, IN-MI",-6.0,0.785714285714,23.0,19.0,4.0,1.21052631579,,,,,,,,
329,06055,Napa County,CA,22.0,29.0,"Napa, CA",-7.0,0.758620689655,26.0,47.0,-21.0,0.553191489362,,,,,,,,
330,37025,Cabarrus County,NC,21.0,111.0,"Charlotte-Concord-Gastonia, NC-SC",-90.0,0.189189189189,,123.0,,,,,,,,46.0,,
331,39041,Delaware County,OH,21.0,15.0,"Columbus, OH",6.0,1.4,,,,,,,,,,,,
332,12005,Bay County,FL,21.0,39.0,"Panama City, FL",-18.0,0.538461538462,18.0,35.0,-17.0,0.514285714286,,,,,,,,
333,51730,Petersburg city,VA,21.0,33.0,"Richmond, VA",-12.0,0.636363636364,,,,,,,,,,,,
334,39151,Stark County,OH,21.0,,"Canton-Massillon, OH",,,38.0,17.0,21.0,2.23529411765,,,,,,,,
335,08097,Pitkin County,CO,21.0,21.0,"Glenwood Springs, CO",0.0,1.0,16.0,19.0,-3.0,0.842105263158,,,,,,,,
336,06095,Solano County,CA,20.0,48.0,"Vallejo-Fairfield, CA",-28.0,0.416666666667,69.0,64.0,5.0,1.078125,,,,,,,,
337,13223,Paulding County,GA,20.0,41.0,"Atlanta-Sandy Springs-Roswell, GA",-21.0,0.487804878049,,75.0,,,,,,,,,,
338,02090,Fairbanks North Star Borough,AK,20.0,18.0,"Fairbanks, AK",2.0,1.11111111111,,,,,,,,,,,,
339,23011,Kennebec County,ME,20.0,,"Augusta-Waterville, ME",,,,,,,,,,,,,,
340,48041,Brazos County,TX,20.0,16.0,"College Station-Bryan, TX",4.0,1.25,19.0,,,,,,,,,,,
341,16001,Ada County,ID,19.0,40.0,"Boise City, ID",-21.0,0.475,51.0,17.0,34.0,3.0,,,,,,,,
342,51177,Spotsylvania County,VA,19.0,36.0,"Washington-Arlington-Alexandria, DC-VA-MD-WV",-17.0,0.527777777778,,,,,,,,,,,,
343,40027,Cleveland County,OK,19.0,29.0,"Oklahoma City, OK",-10.0,0.655172413793,26.0,27.0,-1.0,0.962962962963,,,,,,,,
344,49005,Cache County,UT,18.0,,"Logan, UT-ID",,,,,,,,,,,,,,
345,24017,Charles County,MD,18.0,36.0,"Washington-Arlington-Alexandria, DC-VA-MD-WV",-18.0,0.5,,21.0,,,,,,,,,,
346,42081,Lycoming County,PA,18.0,,"Williamsport, PA",,,,24.0,,,,,,,,,,
347,37179,Union County,NC,18.0,116.0,"Charlotte-Concord-Gastonia, NC-SC",-98.0,0.155172413793,,109.0,,,,,,,,,,
348,27003,Anoka County,MN,18.0,25.0,"Minneapolis-St. Paul-Bloomington, MN-WI",-7.0,0.72,,,,,,,,,,,,
349,22055,Lafayette Parish,LA,18.0,42.0,"Lafayette, LA",-24.0,0.428571428571,19.0,37.0,-18.0,0.513513513514,,29.0,,,,37.0,,
350,18089,Lake County,IN,18.0,,"Chicago-Naperville-Elgin, IL-IN-WI",,,,21.0,,,,,,,,,,
351,01081,Lee County,AL,18.0,,"Auburn-Opelika, AL",,,,,,,,,,,,,,
352,28047,Harrison County,MS,17.0,,"Gulfport-Biloxi-Pascagoula, MS",,,16.0,,,,,,,,,,,
353,50003,Bennington County,VT,17.0,22.0,"Bennington, VT",-5.0,0.772727272727,23.0,37.0,-14.0,0.621621621622,,,,,,,,
354,15001,Hawaii County,HI,17.0,23.0,"Hilo, HI",-6.0,0.739130434783,,,,,,,,,,,,
355,17113,McLean County,IL,17.0,,"Bloomington, IL",,,,25.0,,,,,,,,,,
356,45085,Sumter County,SC,17.0,19.0,"Sumter, SC",-2.0,0.894736842105,22.0,43.0,-21.0,0.511627906977,,,,,,,,
357,24045,Wicomico County,MD,17.0,,"Salisbury, MD-DE",,,,20.0,,,,,,,,,,
358,13059,Clarke County,GA,16.0,36.0,"Athens-Clarke County, GA",-20.0,0.444444444444,56.0,33.0,23.0,1.69696969697,,,,,,,,
359,01125,Tuscaloosa County,AL,16.0,,"Tuscaloosa, AL",,,12.0,,,,,,,,,,,
360,39099,Mahoning County,OH,16.0,73.0,"Youngstown-Warren-Boardman, OH-PA",-57.0,0.219178082192,14.0,86.0,-72.0,0.162790697674,,,,,,,,
361,50023,Washington County,VT,16.0,36.0,"Barre, VT",-20.0,0.444444444444,31.0,16.0,15.0,1.9375,,,,,,,,
362,39165,Warren County,OH,16.0,20.0,"Cincinnati, OH-KY-IN",-4.0,0.8,25.0,27.0,-2.0,0.925925925926,,,,,,,,
363,57009,Foreign - Other flows,FR,16.0,32.0,,-16.0,0.5,35.0,,,,57.0,36.0,21.0,1.58333333333,780.0,805.0,-25.0,0.968944099379
364,30031,Gallatin County,MT,16.0,,"Bozeman, MT",,,18.0,13.0,5.0,1.38461538462,,,,,,,,
365,42107,Schuylkill County,PA,16.0,87.0,"Pottsville, PA",-71.0,0.183908045977,20.0,58.0,-38.0,0.344827586207,,,,,,,,
366,51179,Stafford County,VA,16.0,21.0,"Washington-Arlington-Alexandria, DC-VA-MD-WV",-5.0,0.761904761905,48.0,30.0,18.0,1.6,,39.0,,,,,,
367,23031,York County,ME,15.0,61.0,"Portland-South Portland, ME",-46.0,0.245901639344,54.0,53.0,1.0,1.01886792453,,33.0,,,,24.0,,
368,33005,Cheshire County,NH,15.0,18.0,"Keene, NH",-3.0,0.833333333333,12.0,,,,,,,,,,,
369,36013,Chautauqua County,NY,15.0,16.0,"Jamestown-Dunkirk-Fredonia, NY",-1.0,0.9375,,13.0,,,,,,,,,,
370,51199,York County,VA,15.0,,"Virginia Beach-Norfolk-Newport News, VA-NC",,,,,,,,,,,,,,
371,05007,Benton County,AR,15.0,59.0,"Fayetteville-Springdale-Rogers, AR-MO",-44.0,0.254237288136,,,,,,,,,,,,
372,15009,Maui County,HI,15.0,14.0,"Kahului-Wailuku-Lahaina, HI",1.0,1.07142857143,20.0,29.0,-9.0,0.689655172414,,,,,,,,
373,44001,Bristol County,RI,15.0,29.0,"Providence-Warwick, RI-MA",-14.0,0.51724137931,13.0,14.0,-1.0,0.928571428571,,,,,,,,
374,20045,Douglas County,KS,15.0,13.0,"Lawrence, KS",2.0,1.15384615385,30.0,,,,,,,,,,,
375,48167,Galveston County,TX,15.0,39.0,"Houston-The Woodlands-Sugar Land, TX",-24.0,0.384615384615,32.0,46.0,-14.0,0.695652173913,,,,,,,,
376,39173,Wood County,OH,14.0,,"Toledo, OH",,,,14.0,,,,,,,,,,
377,29183,St. Charles County,MO,14.0,,"St. Louis, MO-IL",,,,16.0,,,,,,,,,,
378,28049,Hinds County,MS,14.0,,"Jackson, MS",,,32.0,29.0,3.0,1.10344827586,,,,,,,,
379,54039,Kanawha County,WV,14.0,,"Charleston, WV",,,22.0,49.0,-27.0,0.448979591837,,,,,,,,
380,39133,Portage County,OH,14.0,,"Akron, OH",,,22.0,,,,,,,,,,,
381,06107,Tulare County,CA,14.0,,"Visalia-Porterville, CA",,,,,,,,,,,,,,
382,27163,Washington County,MN,14.0,,"Minneapolis-St. Paul-Bloomington, MN-WI",,,,,,,,,,,,,,
383,06113,Yolo County,CA,14.0,16.0,"Sacramento--Roseville--Arden-Arcade, CA",-2.0,0.875,16.0,40.0,-24.0,0.4,,,,,,,,
384,36011,Cayuga County,NY,14.0,,"Auburn, NY",,,,11.0,,,,,,,,,,
385,12019,Clay County,FL,13.0,101.0,"Jacksonville, FL",-88.0,0.128712871287,24.0,77.0,-53.0,0.311688311688,,,,,,,,
386,13057,Cherokee County,GA,13.0,,"Atlanta-Sandy Springs-Roswell, GA",,,,22.0,,,,,,,,,,
387,06099,Stanislaus County,CA,13.0,20.0,"Modesto, CA",-7.0,0.65,23.0,18.0,5.0,1.27777777778,,,,,,,,
388,48355,Nueces County,TX,13.0,11.0,"Corpus Christi, TX",2.0,1.18181818182,,12.0,,,,,,,,,,
389,36101,Steuben County,NY,13.0,19.0,"Corning, NY",-6.0,0.684210526316,,,,,,,,,,,,
390,36051,Livingston County,NY,12.0,,"Rochester, NY",,,,,,,,,,,,,,
391,08035,Douglas County,CO,12.0,30.0,"Denver-Aurora-Lakewood, CO",-18.0,0.4,35.0,44.0,-9.0,0.795454545455,,32.0,,,,,,
392,05143,Washington County,AR,12.0,18.0,"Fayetteville-Springdale-Rogers, AR-MO",-6.0,0.666666666667,,16.0,,,,,,,,,,
393,37071,Gaston County,NC,12.0,32.0,"Charlotte-Concord-Gastonia, NC-SC",-20.0,0.375,,29.0,,,,,,,,,,
394,25019,Nantucket County,MA,12.0,17.0,,-5.0,0.705882352941,,,,,,,,,,,,
395,48303,Lubbock County,TX,11.0,46.0,"Lubbock, TX",-35.0,0.239130434783,,25.0,,,,,,,,,,
396,50025,Windham County,VT,11.0,45.0,,-34.0,0.244444444444,29.0,38.0,-9.0,0.763157894737,,,,,,,,
397,42125,Washington County,PA,11.0,,"Pittsburgh, PA",,,,,,,,,,,,,,
398,53063,Spokane County,WA,10.0,12.0,"Spokane-Spokane Valley, WA",-2.0,0.833333333333,29.0,,,,,,,,,,,
399,39003,Allen County,OH,10.0,,"Lima, OH",,,,,,,,,,,,,,
400,42129,Westmoreland County,PA,10.0,,"Pittsburgh, PA",,,37.0,30.0,7.0,1.23333333333,,,,,,,,
401,13113,Fayette County,GA,10.0,40.0,"Atlanta-Sandy Springs-Roswell, GA",-30.0,0.25,17.0,32.0,-15.0,0.53125,,,,,,,,
402,37101,Johnston County,NC,,67.0,"Raleigh, NC",,,,51.0,,,,,,,,,,
403,27109,Olmsted County,MN,,56.0,"Rochester, MN",,,43.0,50.0,-7.0,0.86,,,,,,,,
404,13117,Forsyth County,GA,,56.0,"Atlanta-Sandy Springs-Roswell, GA",,,16.0,34.0,-18.0,0.470588235294,,,,,,,,
405,08001,Adams County,CO,,53.0,"Denver-Aurora-Lakewood, CO",,,16.0,21.0,-5.0,0.761904761905,,,,,,,,
406,45035,Dorchester County,SC,,51.0,"Charleston-North Charleston, SC",,,20.0,54.0,-34.0,0.37037037037,,,,,,,,
407,12119,Sumter County,FL,,48.0,"The Villages, FL",,,,79.0,,,,,,,,34.0,,
408,45091,York County,SC,,48.0,"Charlotte-Concord-Gastonia, NC-SC",,,15.0,101.0,-86.0,0.148514851485,,45.0,,,,,,
409,46103,Pennington County,SD,,45.0,"Rapid City, SD",,,,,,,,,,,,,,
410,04021,Pinal County,AZ,,44.0,"Phoenix-Mesa-Scottsdale, AZ",,,13.0,42.0,-29.0,0.309523809524,,,,,,,,
411,04025,Yavapai County,AZ,,40.0,"Prescott, AZ",,,,,,,,,,,,,,
412,12017,Citrus County,FL,,39.0,"Homosassa Springs, FL",,,21.0,19.0,2.0,1.10526315789,,,,,,,,
413,13179,Liberty County,GA,,32.0,"Hinesville, GA",,,48.0,74.0,-26.0,0.648648648649,,,,,,,,
414,37085,Harnett County,NC,,29.0,"Dunn, NC",,,,31.0,,,,,,,,,,
415,37097,Iredell County,NC,,28.0,"Charlotte-Concord-Gastonia, NC-SC",,,,44.0,,,,,,,,,,
416,12055,Highlands County,FL,,27.0,"Sebring, FL",,,,,,,,,,,,,,
417,20061,Geary County,KS,,27.0,"Junction City, KS",,,17.0,,,,,,,,,,,
418,51740,Portsmouth city,VA,,26.0,"Virginia Beach-Norfolk-Newport News, VA-NC",,,,46.0,,,,,,,,,,
419,48039,Brazoria County,TX,,25.0,"Houston-The Woodlands-Sugar Land, TX",,,,20.0,,,,,,,,,,
420,37195,Wilson County,NC,,25.0,"Wilson, NC",,,,27.0,,,,,,,,,,
421,45069,Marlboro County,SC,,23.0,"Bennettsville, SC",,,,,,,,,,,,,,
422,36017,Chenango County,NY,,23.0,,,,,18.0,,,,,,,,,,
423,13073,Columbia County,GA,,22.0,"Augusta-Richmond County, GA-SC",,,,,,,,,,,,,,
424,49043,Summit County,UT,,22.0,"Summit Park, UT",,,,34.0,,,,,,,,,,
425,37125,Moore County,NC,,21.0,"Pinehurst-Southern Pines, NC",,,,16.0,,,,,,,,,,
426,36095,Schoharie County,NY,,21.0,"Albany-Schenectady-Troy, NY",,,,,,,,,,,,,,
427,51770,Roanoke city,VA,,20.0,"Roanoke, VA",,,,,,,,,,,,,,
428,36035,Fulton County,NY,,19.0,"Gloversville, NY",,,,31.0,,,,,,,,,,
429,38017,Cass County,ND,,19.0,"Fargo, ND-MN",,,,,,,,,,,,,,
430,13127,Glynn County,GA,,19.0,"Brunswick, GA",,,,,,,,,,,,,,
431,01117,Shelby County,AL,,18.0,"Birmingham-Hoover, AL",,,12.0,19.0,-7.0,0.631578947368,,,,,,,,
432,39057,Greene County,OH,,18.0,"Dayton, OH",,,,,,,,,,,,,,
433,37191,Wayne County,NC,,17.0,"Goldsboro, NC",,,,32.0,,,,,,,,,,
434,37037,Chatham County,NC,,16.0,"Durham-Chapel Hill, NC",,,,,,,,,,,,,,
435,23019,Penobscot County,ME,,15.0,"Bangor, ME",,,26.0,,,,,,,,,,,
436,37093,Hoke County,NC,,15.0,"Fayetteville, NC",,,,,,,,,,,,,,
437,39155,Trumbull County,OH,,14.0,"Youngstown-Warren-Boardman, OH-PA",,,,,,,,,,,,,,
438,51095,James City County,VA,,14.0,"Virginia Beach-Norfolk-Newport News, VA-NC",,,17.0,,,,,,,,,,,
439,23009,Hancock County,ME,,14.0,,,,14.0,,,,,,,,,,,
440,36115,Washington County,NY,,14.0,"Glens Falls, NY",,,,,,,,,,,,,,
441,57007,Foreign - US Virgin Islands,FR,,13.0,,,,,,,,,,,,,,,
442,26139,Ottawa County,MI,,13.0,"Grand Rapids-Wyoming, MI",,,,,,,,,,,,,,
443,22103,St. Tammany Parish,LA,,13.0,"New Orleans-Metairie, LA",,,13.0,18.0,-5.0,0.722222222222,,,,,,,,
444,17037,DeKalb County,IL,,13.0,"Chicago-Naperville-Elgin, IL-IN-WI",,,,,,,,,,,,,,
445,53073,Whatcom County,WA,,12.0,"Bellingham, WA",,,,23.0,,,,,,,,,,
446,49011,Davis County,UT,,,"Ogden-Clearfield, UT",,,27.0,26.0,1.0,1.03846153846,,,,,,,,
447,42019,Butler County,PA,,,"Pittsburgh, PA",,,21.0,20.0,1.0,1.05,,,,,,,,
448,47149,Rutherford County,TN,,,"Nashville-Davidson--Murfreesboro--Franklin, TN",,,20.0,12.0,8.0,1.66666666667,,,,,,,,
449,36031,Essex County,NY,,,,,,19.0,,,,,,,,,,,
450,51680,Lynchburg city,VA,,,"Lynchburg, VA",,,18.0,,,,,,,,,,,
451,49053,Washington County,UT,,,"St. George, UT",,,17.0,,,,,,,,,,,
452,24013,Carroll County,MD,,,"Baltimore-Columbia-Towson, MD",,,16.0,,,,,,,,,,,
453,26049,Genesee County,MI,,,"Flint, MI",,,15.0,50.0,-35.0,0.3,,,,,,,,
454,56021,Laramie County,WY,,,"Cheyenne, WY",,,15.0,,,,,,,,,,,
455,30063,Missoula County,MT,,,"Missoula, MT",,,15.0,,,,,,,,,,,
456,31079,Hall County,NE,,,"Grand Island, NE",,,13.0,,,,,,,,,,,
457,39009,Athens County,OH,,,"Athens, OH",,,13.0,,,,,,,,,,,
458,54061,Monongalia County,WV,,,"Morgantown, WV",,,13.0,,,,,,,,,,,
459,36053,Madison County,NY,,,"Syracuse, NY",,,13.0,12.0,1.0,1.08333333333,,,,,,,,
460,28121,Rankin County,MS,,,"Jackson, MS",,,12.0,,,,,,,,,,,
461,33003,Carroll County,NH,,,,,,12.0,,,,,,,,,,,
462,21117,Kenton County,KY,,,"Cincinnati, OH-KY-IN",,,,41.0,,,,,,,,,,
463,24015,Cecil County,MD,,,"Philadelphia-Camden-Wilmington, PA-NJ-DE-MD",,,,36.0,,,,,,,,,,
464,37019,Brunswick County,NC,,,"Myrtle Beach-Conway-North Myrtle Beach, SC-NC",,,,36.0,,,,,,,,,,
465,41029,Jackson County,OR,,,"Medford, OR",,,,35.0,,,,,,,,,,
466,37001,Alamance County,NC,,,"Burlington, NC",,,,34.0,,,,,,,,,,
467,21227,Warren County,KY,,,"Bowling Green, KY",,,,28.0,,,,,,,,,,
468,13153,Houston County,GA,,,"Warner Robins, GA",,,,25.0,,,,,,,,,,
469,37159,Rowan County,NC,,,"Charlotte-Concord-Gastonia, NC-SC",,,,24.0,,,,,,,,,,
470,45043,Georgetown County,SC,,,"Georgetown, SC",,,,21.0,,,,,,,,,,
471,51800,Suffolk city,VA,,,"Virginia Beach-Norfolk-Newport News, VA-NC",,,,20.0,,,,,,,,,,
472,25007,Dukes County,MA,,,"Vineyard Haven, MA",,,,19.0,,,,,,,,,,
473,42007,Beaver County,PA,,,"Pittsburgh, PA",,,,19.0,,,,,,,,,,
474,22115,Vernon Parish,LA,,,"Fort Polk South, LA",,,,19.0,,,,,,,,,,
475,20161,Riley County,KS,,,"Manhattan, KS",,,,17.0,,,,,,,,,,
476,48309,McLennan County,TX,,,"Waco, TX",,,,15.0,,,,,,,,,,
477,23013,Knox County,ME,,,,,,,14.0,,,,,,,,,,
478,17143,Peoria County,IL,,,"Peoria, IL",,,,12.0,,,,,,,,,,
479,54011,Cabell County,WV,,,"Huntington-Ashland, WV-KY-OH",,,,10.0,,,,,,,,,,
